[혁신플랫폼톡]거브테크, 민관이 함께 여는 공공혁신의 미래,세계경제포럼(The World Economic Forum)이 1월 발표한 보고서에 따르면, 글로벌 거브테크(GovTech) 시장 …,https://n.news.naver.com/mnews/article/030/0003327687?sid=101
상반기 낙제점 '편의점', 카테고리 확장 위해 대형 매장 출점 늘린다,국내 편의점 업계가 상반기 주춤했던 실적을 극복하기 위해 승부수를 꺼낸다. 편의점 포화 상태로 인한 정체기라는 평가가 나오고 있 …,https://n.news.naver.com/mnews/article/030/0003327681?sid=101
[ET시론] AI 인재 전쟁, 이제 대학의 시간이다.,4차 산업혁명 시대, 인공지능(AI)·빅데이터·디지털 트윈 등 첨단 기술이 전방위적으로 확산되면서 디지털 인재에 대한 수요가 폭 …,https://n.news.naver.com/mnews/article/030/0003327679?sid=101
[마켓뷰] 관세 불안 재점화에 코스피, 3070선 후퇴… 외인 다시 ‘팔자’,美트럼프발 관세 불안 재점화 코스피지수 0.24% 하락 마감 급등 종목 중심 차익실현 매물 출회 코스닥지수 0.19% 소폭 하락 …,https://n.news.naver.com/mnews/article/366/0001089377?sid=101
건전성 적색등 켜진 보험업계… 당국, 할인율 현실화 속도 조절,보험업계 건전성 관리에 적신호가 켜지면서 금융당국이 대응 방안 마련에 나섰다. 예정된 보험부채 평가 할인율 현실화 방침에 속도를 …,https://n.news.naver.com/mnews/article/469/0000873808?sid=101
공정위, ‘배전반 교체공사 입찰 담합’ 효성·LS에 과징금,과징금 1.5억 원 부과 공정거래위원회는 ‘발전소 배전반 판넬 교체공사 입찰’ 관련 담합 혐의로 효성과 LS 두 회사에 총 1억 …,https://n.news.naver.com/mnews/article/021/0002719984?sid=101
코람코자산신탁, 홍대입구역 코앞 ‘케이스퀘어 홍대’ 매각 추진,2016년 매입 후 약 9년 만 매각가 4000억원대 예상 이 기사는 2025년 7월 2일 14시 26분 조선비즈 머니무브(MM …,https://n.news.naver.com/mnews/article/366/0001089376?sid=101
GS그룹, AI 기술 협력의 장 열었다...'GenAI Connect Day',GS그룹이 1일 서울 강남구 GS타워에서 '제3회 GS GenAI 커넥트 데이'를 열었다고 2일 밝혔다. 이번 행사는 'AI 에 …,https://n.news.naver.com/mnews/article/469/0000873807?sid=101
첨단연구장비 국산화 박차…산학연 드림팀 ‘얼라이언스’ 출범,과기정통부, 첨단혁신장비 얼라이언스 출범식. 연합뉴스 첨단 연구 장비 국산화 생태계 구축을 위해 장비 수요자와 공급자 등 산업계 …,https://n.news.naver.com/mnews/article/021/0002719983?sid=101
[속보] 여야, '3%룰' 포함 상법 개정안 처리 합의,여야, '3%룰' 포함 상법 개정안 처리 합의,https://n.news.naver.com/mnews/article/374/0000449338?sid=101
인생 2막 향한 중장년의 힘찬 발걸음…‘베이비부머 인턴(人-Turn)캠프’ 입학식 성료,대한민국 경제 성장 주역 ‘베이비부머’ 세대들의 새로운 도전을 응원하는 행사가 열렸다. 경기도는 2일 경기 수원시 경기아트센터에 …,https://n.news.naver.com/mnews/article/011/0004504187?sid=101
[단독] ‘에이피알’ 김병훈, 290억에 아크로서울포레스트 펜트하우스 샀다... 매도자는 DL 이해성,전국 아파트 역대 최고 평당 매매가 매도인은 범 DL가 이해성 대림디앤아이 대표 이 기사는 2025년 7월 2일 15시 04분 …,https://n.news.naver.com/mnews/article/366/0001089375?sid=101
“방 꼭 비울 필요 없어요”...삼성, 8시간만에 에어컨 설치도 ‘뚝딱’,무더위 속 시스템 에어컨 잘 팔려 리모델링 확대에 수요 더 늘어날듯 가전업계, AI 기능 강화해 시장 공략 평년을 웃도는 덥고 …,https://n.news.naver.com/mnews/article/009/0005518414?sid=101
쿠팡, AI 클라우드 컴퓨팅 서비스 ‘CIC’로 리브랜딩,쿠팡이 인공지능(AI) 클라우드 컴퓨팅 서비스를 새롭게 시작합니다. 쿠팡은 오늘(2일) AI 클라우드 컴퓨팅 서비스의 브랜드를 …,https://n.news.naver.com/mnews/article/449/0000313594?sid=101
인사말 하는 정태호 국정기획위 경제 1분과장,정태호 국정기획위원회 경제 1분과장이 2일 경기 화성시 현대차그룹 남양연구소를 방문해 인사말을 하고 있다. (사진=국정기획위원회 …,https://n.news.naver.com/mnews/article/003/0013339277?sid=101
국정기획위원회, 현대차그룹 남양연구소 방문,정태호 국정기획위원회 경제 1분과장과 이정헌 경제 2분과 소위원장 등이 2일 경기 화성시 현대차그룹 남양연구소를 방문해 전시물을 …,https://n.news.naver.com/mnews/article/003/0013339276?sid=101
국정기획위원회, 현대차그룹 남양연구소 방문,정태호 국정기획위원회 경제 1분과장 등이 2일 경기 화성시 현대차그룹 남양연구소를 방문해 기념촬영 하고 있다. (사진=국정기획위 …,https://n.news.naver.com/mnews/article/003/0013339275?sid=101
국정기획위원회 경제 1분과, 현대차그룹 남양연구소 방문,정태호 국정기획위원회 경제 1분과장이 2일 경기 화성시 현대차그룹 남양연구소를 방문해 전시물을 관람하고 있다. (사진=국정기획위 …,https://n.news.naver.com/mnews/article/003/0013339274?sid=101
국정기획위원회, 현대차그룹 남양연구소 방문,정태호 국정기획위원회 경제 1분과장 등이 2일 경기 화성시 현대차그룹 남양연구소를 방문해 로봇개를 살펴보고 있다. (사진=국정기 …,https://n.news.naver.com/mnews/article/003/0013339273?sid=101
국정기획위원회, 현대차그룹 남양연구소 방문,정태호 국정기획위원회 경제 1분과장이 2일 경기 화성시 현대차그룹 남양연구소를 방문해 방명록을 작성하고 있다. (사진=국정기획위 …,https://n.news.naver.com/mnews/article/003/0013339272?sid=101
Gold trading soars to all-time high in first half of 2025 as investors seek safe-haven assets,Gold trading on the Korea Exchange (KRX) soared to an all-time high in …,https://n.news.naver.com/mnews/article/640/0000072808?sid=101
파라다이스시티, 신라면세점과 외국인 관광객 유치 맞손,파라다이스시티는 최근 인천 중구 파라다이스시티에서 신라면세점과 외국인 관광객 유치 활성화를 위한 업무협약을 했다고 2일 밝혔다. …,https://n.news.naver.com/mnews/article/666/0000077222?sid=101
대방건설, 전속 모델 한효주 '디에트르' 화보 공개,대방건설은 배우 한효주가 자사 주거 브랜드 '디에트르(D’être)'의 지면 화보촬영을 진행했다고 2일 밝혔다. 지난 …,https://n.news.naver.com/mnews/article/003/0013339268?sid=101
2일 테슬라 2분기 인도량 공개, 주가 더 떨어질 수도,1일(현지시간) 일론 머스크 테슬라 최고경영자(CEO)와 도널드 트럼프 미국 대통령이 정면충돌, 테슬라 주가가 5% 이상 급락한 …,https://n.news.naver.com/mnews/article/421/0008346635?sid=101
'장기일반민간임대' 인기에 관저 푸르지오 센트럴파크 관심,최근 부동산 시장에서 장기일반민간임대주택에 대한 관심이 높아지고 있다. 치솟는 분양가와 전세사기 등 시장 불안정성이 계속되면서, …,https://n.news.naver.com/mnews/article/277/0005616710?sid=101
에티포스, 150억원 시리즈B 투자유치…글로벌 생산거점 및 시장 공략,차량대사물통신(V2X) 반도체 전문기업 에티포스가 150억원 규모의 시리즈B 투자유치에 나선다. 2일 에티포스는 LB인베스트먼트 …,https://n.news.naver.com/mnews/article/008/0005216050?sid=101
[그래픽] 추경 예비심사서 증액된 주요 사업,정부가 경기 활성화와 소비 진작을 위해 총 30조5천억원 규모로 편성한 추가경정예산안이 국회 상임위원회 예비 심사 과정에서 속속 …,https://n.news.naver.com/mnews/article/001/0015483940?sid=101
국정기획위원회, 현대차 남양연구소 방문,대통령 직속 국정기획위원회 정태호 경제 1분과장 등이 2일 경기도 화성시 현대자동차그룹 남양연구소를 방문했다. 정태호 1분과장이 …,https://n.news.naver.com/mnews/article/001/0015483935?sid=101
신한 출신으로 물갈이?… 성대규 동양생명 대표, 1차인선 75% 완료,성대규 동양생명 대표가 이달 2일 CIO(최고운용책임자), CFO(최고재무책임자)를 선임하면서 1기 체제 인선 작업을 75% 마 …,https://n.news.naver.com/mnews/article/417/0001086911?sid=101
관저 푸르지오 센트럴파크 '장기일반민간임대' 공급 예고에 관심,최근 부동산 시장에서 장기일반민간임대주택에 대한 관심이 높아지고 있다. 치솟는 분양가와 전세사기 등 시장 불안정성이 계속되면서, …,https://n.news.naver.com/mnews/article/011/0004504186?sid=101
국정기획위원회, 현대차 남양연구소 방문,대통령 직속 국정기획위원회 정태호 경제 1분과장 등이 2일 경기도 화성시 현대자동차그룹 남양연구소를 방문했다. 정태호 분과장 등 …,https://n.news.naver.com/mnews/article/001/0015483933?sid=101
국정기획위원회, 현대차 남양연구소 방문,대통령 직속 국정기획위원회 정태호 경제 1분과장 등이 2일 경기도 화성시 현대자동차그룹 남양연구소를 방문했다. 정태호 분과장 등 …,https://n.news.naver.com/mnews/article/001/0015483932?sid=101
현대차·기아, 상반기 美 판매량 89만3152대 ‘역대 최다’,현대자동차의 대형 SUV ‘디 올 뉴 팰리세이드(신형 팰리세이드)’ . 현대차 제공. 현대자동차·기아가 미국에서 상반기 기준으로 …,https://n.news.naver.com/mnews/article/021/0002719981?sid=101
이즈피엠피, 넥스트라이즈 2025서 오투미트·리드엑스로 밋업 혁신 실현,마이스(MICE)·관광산업 디지털전환 선도기업 이즈피엠피(대표 한신자, 최학찬)가 ‘넥스트라이즈 2025, 서울’에서 자사의 마 …,https://n.news.naver.com/mnews/article/011/0004504185?sid=101
국내 ‘AI 정수장 운영 기술’, ISO 국제표준 작업초안으로 채택,글로벌 AI 물산업 주도, AI 3대 강국 국가전략 실현 기대감↑ 6월 23일(현지시간)부터 27일까지 캐나다 토론토에서 열린 …,https://n.news.naver.com/mnews/article/016/0002493831?sid=101
국정기획위원회, 현대차 남양연구소 방문,대통령 직속 국정기획위원회 정태호 경제 1분과장 등이 2일 경기도 화성시 현대자동차그룹 남양연구소를 방문했다. 정태호 분과장이 …,https://n.news.naver.com/mnews/article/001/0015483931?sid=101
[속보] 여야, '3%룰' 포함 상법 개정안 처리 합의,여야, '3%룰' 포함 상법 개정안 처리 합의,https://n.news.naver.com/mnews/article/243/0000080573?sid=101
[통장잔GO] 대출금리 한 자릿수로 낮춰주는 은행은 어디?,신한금융그룹은 이달 중 신한은행 가계대출 보유 고객의 금융부담 완화를 위해 금리가 두 자릿수 이상인 모든 기존 가계대출의 금리를 …,https://n.news.naver.com/mnews/article/119/0002974763?sid=101
"테이블오더 수수료 부담 던다" 카카오페이, QR결제 생태계 구축,카카오페이 신원근 대표, 카카오 황준연 성과 리더, 한국정보통신 박진순 본부장, NICE정보통신 김승현 대표, KIS정보통신 조 …,https://n.news.naver.com/mnews/article/018/0006054854?sid=101
부산관광공사, 제1회 ESG·녹색경영위원회 개최,부산관광공사는 지난 30일 민·관·학 전문가들과 함께 ‘제1회 ESG·녹색경영위원회’를 개최했다고 2일 밝혔다. 회의에는 김해창 …,https://n.news.naver.com/mnews/article/005/0001787098?sid=101
국정기획위원회, 현대차 남양연구소 방문,대통령 직속 국정기획위원회 정태호 경제 1분과장 등이 2일 경기도 화성시 현대자동차그룹 남양연구소를 방문했다. 정태호 분과장 등 …,https://n.news.naver.com/mnews/article/001/0015483930?sid=101
오성환 당진시장 "현대제철, 자사고·종합병원 반드시 설립해야","MOU라 구속력 없어…약속 지키도록 시민들이 힘 모아 달라" 현대제철이 충남 당진에 자율형사립고와 종합병원을 설립하기로 충남도 …,https://n.news.naver.com/mnews/article/001/0015483929?sid=101
국정기획위원회, 현대차 남양연구소 방문,대통령 직속 국정기획위원회 정태호 경제 1분과장 등이 2일 경기도 화성시 현대자동차그룹 남양연구소를 방문했다. 정태호 분과장 등 …,https://n.news.naver.com/mnews/article/001/0015483928?sid=101
정부 R&D 투자, '국가 총지출 5% 이상 의무화' 추진,국정기획위원회가 정부의 연구개발(R&D) 투자가 국가 총지출의 5% 이상이 되도록 하는 의무 조항을 신설하겠다고 밝혔다. 국정기 …,https://n.news.naver.com/mnews/article/448/0000539505?sid=101
오스코텍, KB증권·미래에셋 출신 신동준 신임 CFO 선임… “경영전문성·투명성 강화”,국내 바이오텍 오스코텍은 전 KB증권 리서치센터장·투자전략본부장을 역임한 신동준 전무를 최고재무책임자(CFO, Chief Fin …,https://n.news.naver.com/mnews/article/020/0003645293?sid=101
한국표준협회, '제10회 서비스위크' 개막···AX 서비스 혁신 방향 제시,한국표준협회는 2일 롯데호텔 서울에서 국내·외 기업 및 학계 전문가들과 함께 서비스산업 미래와 전략을 논의하는 '제10회 서비스 …,https://n.news.naver.com/mnews/article/030/0003327674?sid=101
‘불장’에 증권사도 웃는다…거래대금 증가 힘입어 실적 개선 기대,올해 2분기 국내 주요 증권사들의 영업이익이 소폭 증가할 것으로 예상된다. 대선 이후 증시 거래대금이 크게 늘고, 주식시장 반등 …,https://n.news.naver.com/mnews/article/029/0002965601?sid=101
관세 우려에 한국·일본 증시 하락,2일 서울 중구 하나은행 본점 딜링룸 현황판에 코스피와 일본 닛케이지수가 표시돼 있다. 트럼프 미국 대통령이 일본에 대한 상호관 …,https://n.news.naver.com/mnews/article/001/0015483922?sid=101
동대문 장안동 134-15 신통기획 확정…1,750가구 조성,서울시는 2일 장안동 134-15 일대 신속통합기획을 확정했다고 밝혔다. 이로써 그동안 정체돼 있던 장안동 일대의 주거환경 개선 …,https://n.news.naver.com/mnews/article/215/0001214866?sid=101
구글 "AI는 창작자에게 영감을 주는 협업파트너",김민석 기자 "인공지능(AI) 모델은 혼자서 음악을 원하지 않습니다. 여러 예술인과 구글과 협업 사례로 볼 수 있듯 AI는 창작 …,https://n.news.naver.com/mnews/article/421/0008346630?sid=101
美반도체 세액공제 25→35% 확대…삼성·SK하닉 긍정적,미국 상원이 1일(현지시간) 미국 반도체 공장 건설에 대한 세액공제를 기존 25%에서 35%로 확대했다. 현지 투자를 진행 중인 …,https://n.news.naver.com/mnews/article/003/0013339263?sid=101
내년 최저시급 1만1260원?···소상공인들 "벼랑 끝으로 내몰고 있다",소상공인연합회는 노동계가 주장하는 내년도 최저시급 1만1260원에 대해 강력한 유감을 표했다. 송치영 소상공인연합회 회장은 2일 …,https://n.news.naver.com/mnews/article/050/0000093112?sid=101
완성차 업계 "내수 부진, 파격 프로모션으로 뚫는다",국내 완성차 업계가 내수 부진을 타개하기 위해 가격 인하, 초저금리 지원 등을 골자로 한 프로모션을 대대적으로 시행하고 있다. …,https://n.news.naver.com/mnews/article/018/0006054850?sid=101
유한건강생활, 중국 국영기업 COFCO 자회사와 건강기능식품 단독 개발 및 수출 계약 체결,헬스&라이프스타일 전문기업 유한건강생활(대표 손정수)이 중국 최대 국영 식품기업이자 포춘 글로벌 500대 기업인 COFCO의 자 …,https://n.news.naver.com/mnews/article/050/0000093111?sid=101
트럼프 관세 발언에 증시 ‘스트레스’…코스피, 3075선 마감,전일 연고점을 경신했던 코스피 지수가 2일 3030선까지 밀리며 하락 전환했다. 최근 빨라진 업종별 순환매 흐름에 단기 변동성이 …,https://n.news.naver.com/mnews/article/018/0006054849?sid=101
수원시, 탑동 이노베이션밸리 토지공급계획’ 승인…경제자유구역 향해 한걸음,수원시가 ‘탑동 이노베이션밸리 토지공급계획’을 승인했다. 수원시는 2일 수원도시공사가 신청한 실시계획 변경인가를 6월 30일에 …,https://n.news.naver.com/mnews/article/009/0005518411?sid=101
"농업인 온열질환 피해 없도록…한낮 작업 자제하고 수분 충분 섭취",농촌진흥청은 폭염으로 인한 농업인 온열질환 피해를 예방하기 위해 한낮 작업을 자제하고 수분을 충분히 섭취하는 등 '건강 안전 행 …,https://n.news.naver.com/mnews/article/003/0013339262?sid=101
대방건설, 전속 모델 한효주 '디에트르 화보·메이킹 필름' 공개,대방건설은 최근 배우 한효주가 자사 주거 브랜드인 '디에트르(D’être)'의 지면 화보를 찍었다고 2일 밝혔다. 이번 …,https://n.news.naver.com/mnews/article/421/0008346625?sid=101
코스피, 상호관세 유예 만료 앞두고 '숨고르기'…외인 '팔자',코스피지수가 상호관세 리스크 재부각에 투자심리가 위축되며 숨고르기에 들어갔다. 2일 코스피지수는 전일 대비 0.47% 내린 30 …,https://n.news.naver.com/mnews/article/015/0005152602?sid=101
한국공항, 관세청 AEO 공인 ‘AA등급’ 재인증,한진그룹 계열 한국공항은 관세청이 주관하는 AEO(수출입안전관리우수업체 ) 공인 갱신 심사에서 ‘AA’등급을 재인증 받았다고 2 …,https://n.news.naver.com/mnews/article/018/0006054848?sid=101
[속보] 여야, '3%룰' 포함 상법 개정안 처리 합의,,https://n.news.naver.com/mnews/article/050/0000093110?sid=101
최근 1년간 서울 아파트 착공 2만729채…10.3% 감소,최근 1년간 서울에서 착공한 아파트가 전년 대비 10% 넘게 줄어든 것으로 나타났다. 2일 부동산 리서치업체 리얼투데이가 국토교 …,https://n.news.naver.com/mnews/article/020/0003645292?sid=101
소상공인연합회장 “노동계 주장 최저임금 11,260원, 강력한 유감”,노동계가 어제(1일) 최저임금 수정 요구안으로 1만1천260원을 제시한 데 대해, 소상공인연합회가 담화문을 내고 반발했습니다. …,https://n.news.naver.com/mnews/article/056/0011981239?sid=101
HS효성첨단소재, '순환경제 페스티벌' 참가…친환경 소재 선봬,HS효성첨단소재가 '순환 경제'를 주제로 한 전시회에 참가해 친환경·재활용 소재와 리사이클 기술을 선보인다. HS효성첨단소재가 …,https://n.news.naver.com/mnews/article/277/0005616706?sid=101
해진공, 해양수도 부산에 '미래인재의 꿈' 싣는 '해양드림독 2호' 개소,한국해양진흥공사(사장 안병길, 이하 해진공)는 지난 1일 부산 북구에 위치한 장선종합사회복지관에서 지역 아동·청소년을 위한 해양 …,https://n.news.naver.com/mnews/article/082/0001333507?sid=101
카드론도 '신용대출' 간주…'연소득 이내' 한도에 포함,금융위, 여신협회 질의에 답변…현금서비스는 제외 앞으로는 카드론(장기카드대출)도 신용대출에 포함돼 한도가 '연 소득 이내'로 제 …,https://n.news.naver.com/mnews/article/629/0000403873?sid=101
코웨이, 서울 삼일초에 '청정학교 교실숲 제7호' 조성,공기정화식물 494그루 전달…환경 교육도 진행 코웨이는 서울 동작구 삼일초등학교에 '코웨이 청정학교 교실숲 제7호'를 조성했다고 …,https://n.news.naver.com/mnews/article/629/0000403871?sid=101
포포즈, 반려동물 친환경 장례 ‘자연닮음’ 선보여,반려동물 장례 전문 브랜드 포포즈(FOUR PAWS)가 환경에 미치는 영향을 줄이고 생명의 순환 가치를 담은 신규 장례 구성 ‘ …,https://n.news.naver.com/mnews/article/020/0003645291?sid=101
[픽! 시니어금융]② KB, 퇴직연금 42.7조 적립…13년차 '골든라이프' 위상,KB금융그룹의 시니어 특화 브랜드 'KB골든라이프'가 출범 13년을 맞이했다. 은퇴와 노후설계 중심의 금융서비스에서 시니어 고객 …,https://n.news.naver.com/mnews/article/293/0000069347?sid=101
관세 우려에 한국·일본 증시 하락,2일 서울 중구 하나은행 본점 딜링룸 현황판에 코스피와 일본 닛케이지수가 표시돼 있다. 트럼프 미국 대통령이 일본에 대한 상호관 …,https://n.news.naver.com/mnews/article/001/0015483915?sid=101
수주 바람 한껏…풍력주, 부활 신호탄 쏘나?,정부가 친환경 에너지를 강화하려는 움직임을 보이자 풍력주에 대한 시장 관심이 살아나고 있다. 2일 거래소에서 해상풍력 하부구조물 …,https://n.news.naver.com/mnews/article/008/0005216044?sid=101
정부, 4.7조 NXC 주식 매각절차 개시…원매자 텐센트 등 거론,정부가 넥슨 창업자 고(故) 김정주 회장 유가족이 상속세로 물납한 넥슨 지주사 NXC 지분 매각을 개시했다. 2일 기획재정부에 …,https://n.news.naver.com/mnews/article/421/0008346616?sid=101
HMM, 스페인 알헤시라스 터미널 확장…2028년까지 210만TEU로,HMM이 현재 운영하고 있는 스페인 알헤시라스 컨테이너 터미널(TTIA)을 확장 개발한다고 2일 밝혔다. HMM은 TTIA를 통 …,https://n.news.naver.com/mnews/article/029/0002965600?sid=101
발언하는 마니쉬 굽타 구글 딥마인드 시니어디렉터,마니쉬 굽타 구글 딥마인드 시니어 디렉터가 2일 오후 서울 강남구 조선팰리스에서 열린 '구글 FOR KOREA'에서 축사하고 있 …,https://n.news.naver.com/mnews/article/421/0008346614?sid=101
축사하는 마니쉬 굽타 구글 딥마인드 시니어디렉터,마니쉬 굽타 구글 딥마인드 시니어 디렉터가 2일 오후 서울 강남구 조선팰리스에서 열린 '구글 FOR KOREA'에서 축사하고 있 …,https://n.news.naver.com/mnews/article/421/0008346613?sid=101
네이버노조, 국민연금에 임시주총 요구…최인혁 대표 사퇴 압박,네이버 노조가 최인혁 테크비즈니스 부문 대표의 사퇴를 압박하기 위해 네이버 최대 주주인 국민연금에 임시 주주총회 소집을 요구하기 …,https://n.news.naver.com/mnews/article/028/0002753955?sid=101
서울 장안동, 신통기획으로 개발 본궤도[집슐랭],서울 동대문구 장안동에 1750가구 규모의 주거 대단지가 들어선다. 서울시는 2일 장안동 134-15 일대 신속통합기획(신통기획 …,https://n.news.naver.com/mnews/article/011/0004504183?sid=101
숨 고른 韓증시…코스피 3070대 약보합 마감,코스피와 코스닥 모두 약보합세로 장을 마쳤다. 단기간 급등 이후 숨을 고르는 모양새다. 2일 코스피는 전날 대비 0.47% 떨어 …,https://n.news.naver.com/mnews/article/277/0005616704?sid=101
"국가총지출 5% 이상 R&D 투자" 국정委 1호 법안 발의,국정기획위원회가 국가 연구개발(R&D) 예산 체계를 개편하는 내용의 법안을 마련했다. 국가과학기술자문회의 심의 의결 기한을 연장 …,https://n.news.naver.com/mnews/article/003/0013339242?sid=101
고양시, 기재부에 '인천2호선 고양 연장사업' 조속 확정 촉구,경기 고양시는 기획재정부와 한국개발연구원(KDI)에 인천2호선 고양 연장사업 예비타당성조사 결과를 조속히 확정해 줄 것을 강력히 …,https://n.news.naver.com/mnews/article/001/0015483911?sid=101
고양시, 기재부에 '인천2호선 고양 연장사업' 조속 확정 촉구,경기 고양시는 기획재정부와 한국개발연구원(KDI)에 인천2호선 고양 연장사업 예비타당성조사 결과를 조속히 확정해 줄 것을 강력히 …,https://n.news.naver.com/mnews/article/001/0015483911?sid=101
6월 소비자 물가 2.2% 올라...라면 7%↑,라면 1개가 2천 원이라고 놀라며 정부는 물가 잡기에 총력을 쏟겠다고 했지만 밥상 물가는 계속 오르고 있습니다. 물가 상승에 가 …,https://n.news.naver.com/mnews/article/215/0001214865?sid=101
토스증권, 서울시와 중장년층 대상 금융교육 프로그램 마쳐,토스증권이 지난달 25일 중장년층을 위한 맞춤형 금융교육 프로그램을 성황리에 개최했다고 2일 밝혔다. 서울특별시 평생교육진흥원과 …,https://n.news.naver.com/mnews/article/417/0001086908?sid=101
美관세 불확실성 지속…코스피, 연고점 경신 하루 만에 약세 전환[시황종합],미국의 관세 불확실성에 코스피가 연고점 경신 하루 만에 하락 마감했다. 코스피는 전일 대비 14.59p(-0.47%) 하락한 3 …,https://n.news.naver.com/mnews/article/421/0008346607?sid=101
관세 우려에 한국·일본 증시 하락,2일 서울 중구 하나은행 본점 딜링룸 현황판에 코스피와 일본 닛케이지수가 표시돼 있다. 트럼프 미국 대통령이 일본에 대한 상호관 …,https://n.news.naver.com/mnews/article/001/0015483910?sid=101
코스피, 3070선 하락 마감… 외국인 3300억원 '셀코리아',코스피가 외국인 매도세에 3070선에서 마감했다. 2일 한국거래소에 따르면 이날 코스피는 전 거래일 대비 14.59포인트(0.4 …,https://n.news.naver.com/mnews/article/417/0001086906?sid=101
창원 액화수소플랜트 상업운전 개시…시 재정부담 우려 현실화,하루 5t 구매확약했지만 수요처 없어…연간 300억원 부담 위기 경남 창원에 들어선 국내 첫 액화수소플랜트가 준공된 지 2년이 …,https://n.news.naver.com/mnews/article/001/0015483907?sid=101
‘창립 30주년’ 신세계푸드, 기념식 대신 현장경영 집중,신세계푸드가 창립 30주년을 맞아 기념식 대신 안전한 작업 환경 조성을 위한 현장 경영에 나섰다고 2일 밝혔다. 강승협 신세계푸 …,https://n.news.naver.com/mnews/article/020/0003645289?sid=101
코스피 외인 매도 속 3,070대 약세 마감,2일 서울 중구 하나은행 본점 딜링룸 현황판에 코스피 지수가 표시돼 있다. 이날 코스피 지수 종가는 전 거래일 대비 14.59포 …,https://n.news.naver.com/mnews/article/001/0015483904?sid=101
폭염에 입맛 없다면···냉면·비빔면·막국수·메밀소바, 간편하게 먹는 면류 총출동,연일 푹푹찌는 무더위에 열대아가 이어지는 가운데 국가대표 식품강자들이 여름 면류 경쟁이 본격 나서고 있다. 고물가시대 외식가격이 …,https://n.news.naver.com/mnews/article/032/0003380112?sid=101
신형 '볼보 XC90·S90' 보니...유튜브·인스타그램 사용 가능[카미경],이제 볼보자동차만 타면 지겹다는 편견이 사라질 것 같다. 11.2인치 크기의 XC90과 S90 디스플레이에 유튜브 뿐만 아니라 …,https://n.news.naver.com/mnews/article/293/0000069346?sid=101
코스피 외인 매도 속 3,070대 약세 마감…코스닥도 내려,▲ 2일 서울 중구 하나은행 본점에서 직원들이 증시와 환율을 모니터하고 있다. 코스피가 외국인의 순매도세에 밀려 3거래일 만에 …,https://n.news.naver.com/mnews/article/055/0001271665?sid=101
한발 물러선 태광산업…"교환사채 발행 중단",자사주로 교환사채(EB) 발행에 나섰던 태광산업이 후속 절차를 중단하기로 했다. 태광산업은 2일 공식 입장문을 내고 "트러스톤 …,https://n.news.naver.com/mnews/article/215/0001214864?sid=101
머스크·공화당 일부, 왜 '트럼프 감세안' 반대하나,도널드 트럼프 대통령의 주요 국정 의제를 반영한 이른바 하나의 크고 아름다운 법안(OBBB)이 1일(현지시간) 미 상원 본회의에 …,https://n.news.naver.com/mnews/article/018/0006054846?sid=101
'영끌족' 틀어막기 본격화... 카드론 신용대출 분류 규제 강화한다,정부가 가계부채 관리를 강화하기 위해 신용대출 한도를 연 소득 100% 이내로 제한한 가운데, 금융당국이 카드사의 카드론도 신용 …,https://n.news.naver.com/mnews/article/123/0002362847?sid=101
5월 호주 소매매출 0.2%↑ '둔화'…"추가 금리인하 가능성",호주 체감경기를 보여주는 2025년 5월 소매 매출액(계절조정치)은 전월 대비 0.2% 늘었다고 ABC 방송과 AAP 통신, 인 …,https://n.news.naver.com/mnews/article/003/0013339237?sid=101
국정위 주도 첫 입법은 'R&D 투자 국가 총지출 5% 이상 권장',국정기획위원회가 연구개발(R&D) 예산 비율을 '국가 총지출의 5% 이상'으로 권장하는 내용을 담은 법안을 발의했다. 국가과학기 …,https://n.news.naver.com/mnews/article/014/0005371506?sid=101
'단돈 32원' 시리얼 컵 대란 결말은?…"주문 3만여 건 취소",쿠팡은 시리얼 컵 가격 노출 오류로 발생한 주문 3만 여건을 모두 취소 처리했다고 오늘(2일) 밝혔습니다. 이는 지난달 30일 …,https://n.news.naver.com/mnews/article/422/0000755460?sid=101
파월 7월 금리 인하 불가 한 발 물러섰지만 시장은?,제롬 파월 연방준비제도(Fed 연준) 의장이 7월 금리 인하와 관련해 기존 입장에서 한 발 물러났다. 최근까지도 9월까지는 기다 …,https://n.news.naver.com/mnews/article/014/0005371505?sid=101
공정위, 대구염색산단 입찰 담합 효성·LS에 시정 명령,공정거래위원회는 대구염색산업단지 발전소 공사 입찰에서 담합한 효성중공업(효성)과 LS일렉트릭(LS)에 시정 명령과 함께 과징금 …,https://n.news.naver.com/mnews/article/657/0000040133?sid=101
부산은행, '스테이블코인' 연구 박차…OBDIA에 정식 가입,BNK부산은행이 사단법인 오픈블록체인 DID협회(이하 OBDIA)의 '스테이블코인 분과'에 정식 가입하고, 스테이블코인 관련 공 …,https://n.news.naver.com/mnews/article/008/0005216041?sid=101
쿠팡, AI 클라우드 서비스 시장 진출한다,쿠팡이 국내 인공지능(AI) 클라우드 서비스 시장에 본격 진출한다고 2일 밝혔다. 그러면서 AI 클라우드 컴퓨팅 서비스를 '쿠팡 …,https://n.news.naver.com/mnews/article/008/0005216040?sid=101
에이전시 욜로, 비트보드와 블록체인 기반 팬덤 비즈니스 혁신 위한 업무협약,광고 에이전시 전문기업인 에이전시 욜로(yolo)가 블록체인 기반 팬덤투표 플랫폼 ㈜사이버딜의 비트보드(bitboard), 비트 …,https://n.news.naver.com/mnews/article/277/0005616699?sid=101
"부산을 세계적 디지털금융 허브로"...제6회 디지털금융포럼 성료,한국정보시스템학회는 2일 해운대 파라다이스호텔 부산 카프리홀에서 디지털화폐, 인공지능(AI) 기반 차세대 디지털 금융을 위한 ' …,https://n.news.naver.com/mnews/article/014/0005371504?sid=101
한국지방재정공제회, 제 20회 CIGAR 국제 컨퍼런스서 대한민국 지방회계 관련 발제 및 정책 간담회 개최,대한민국 지자체 회계정보의 정책 활용방안 발제 OECD와 지속적 협력관계 위한 간담회 개최 한국지방재정공제회(이하 ‘재정공제회’ …,https://n.news.naver.com/mnews/article/009/0005518404?sid=101
'감세' 통과되면 '관세'...트럼프, 日에 불만 표출 [마켓인사이트],사상 최고치를 갈아치우던 뉴욕증시 지난밤에는 대형 기술주를 중심으로 차익실현 움직임이 있었습니다. 지난밤 미국 상원은 도널드 트 …,https://n.news.naver.com/mnews/article/215/0001214863?sid=101
코스피 하락, 원달러 환율 상승,2일 오후 서울 중구 하나은행 딜링룸 전광판에 코스피가 전 거래일 보다 14.59포인트(0.47%) 내린 3075.06포인트를 …,https://n.news.naver.com/mnews/article/003/0013339236?sid=101
소폭 하락한 코스피,2일 오후 서울 중구 하나은행 딜링룸 전광판에 코스피가 전 거래일 보다 14.59포인트(0.47%) 내린 3075.06포인트를 …,https://n.news.naver.com/mnews/article/003/0013339235?sid=101
코스피 내리고 원달러 환율 오르고,2일 오후 서울 중구 하나은행 딜링룸 전광판에 코스피가 전 거래일 보다 14.59포인트(0.47%) 내린 3075.06포인트를 …,https://n.news.naver.com/mnews/article/003/0013339234?sid=101
코스피 소폭 하락, 원달러 환율 소폭 상승,2일 오후 서울 중구 하나은행 딜링룸 전광판에 코스피가 전 거래일 보다 14.59포인트(0.47%) 내린 3075.06포인트를 …,https://n.news.naver.com/mnews/article/003/0013339233?sid=101
코스피 3075.06, 원달러 환율 1359.40, 코스닥 782.17,2일 오후 서울 중구 하나은행 딜링룸 전광판에 코스피가 전 거래일 보다 14.59포인트(0.47%) 내린 3075.06포인트를 …,https://n.news.naver.com/mnews/article/003/0013339232?sid=101
코스피 내리고 원달러 환율 오르고,2일 오후 서울 중구 하나은행 딜링룸 전광판에 코스피가 전 거래일 보다 14.59포인트(0.47%) 내린 3075.06포인트를 …,https://n.news.naver.com/mnews/article/003/0013339231?sid=101
코스피 3075.06 포인트 장 마감,2일 오후 서울 중구 하나은행 딜링룸 전광판에 코스피가 전 거래일 보다 14.59포인트(0.47%) 내린 3075.06포인트를 …,https://n.news.naver.com/mnews/article/003/0013339230?sid=101
전기차 배터리 사용량 증가에도…K배터리 점유율 10%대로 ↓,올해 들어 글로벌 전기차 배터리 사용량은 성장세를 이어갔지만, 국내 배터리 3사(LG에너지솔루션(373220)·삼성SDI(006 …,https://n.news.naver.com/mnews/article/018/0006054826?sid=101
하락세로 마감한 증시,2일 오후 서울 중구 하나은행 딜링룸에 코스피와 코스닥 종가와 환율이 표시되고 있다. 이날 코스피는 전 거래일 대비 14.59P …,https://n.news.naver.com/mnews/article/421/0008346596?sid=101
태광산업 교환사채 발행 중단…트러스톤 가처분 신청에 백기,트러스트자산운용, EB 발행 가처분 소송 태광산업 "노조 등 이해관계자들과 긴밀히 소통" 태광산업이 교환사채(EB) 발행을 중단 …,https://n.news.naver.com/mnews/article/629/0000403866?sid=101
태광산업, 백기 들었다...교환사채 발행 잠정 중단,태광산업이 자사주를 기초로 한 교환사채 발행 절차를 잠정적으로 중단한다. 지난달 30일 비즈워치가 태광산업, 교환사채 성급했나… …,https://n.news.naver.com/mnews/article/648/0000037541?sid=101
美 금리인하 시기 설왕설래...7월 인하 기대감도,파월, 7월 인하설에 “말할 수 없다” FT “조기인하 여지 열어둬” “관세 없었다면 금리 더인하” 트럼프 겨냥 베센트 재무 “ …,https://n.news.naver.com/mnews/article/009/0005518403?sid=101
[속보] 여야, 상법개정안 ‘3%룰’ 보완 처리하기로,여야는 2일 상법 개정안의 일부 쟁점에 합의하기로 했다. 감사위원 선임 시 최대주주의 의결권을 3%로 제한하는 ‘3%룰’과 관련 …,https://n.news.naver.com/mnews/article/029/0002965598?sid=101
경북도, 고수온 등 대비 양식장 관리요령 책자 배부,경북도 어업기술원은 매년 반복되는 고수온 등에 따른 양식 분야 피해를 막기 위해 '자연재해 대비 양식장 관리요령' 책자를 제작, …,https://n.news.naver.com/mnews/article/001/0015483892?sid=101
[속보] 여야, 상법개정안 ‘3%룰’ 보완 처리하기로,여야는 2일 상법 개정안의 일부 쟁점에 합의하기로 했다. 감사위원 선임 시 최대주주의 의결권을 3%로 제한하는 ‘3%룰’과 관련 …,https://n.news.naver.com/mnews/article/029/0002965598?sid=101
경북도, 고수온 등 대비 양식장 관리요령 책자 배부,경북도 어업기술원은 매년 반복되는 고수온 등에 따른 양식 분야 피해를 막기 위해 '자연재해 대비 양식장 관리요령' 책자를 제작, …,https://n.news.naver.com/mnews/article/001/0015483892?sid=101
[체크!해주] "이더리움으로 승부" 1032% 폭등한 BMNR, 리스크는,암호화폐 채굴 및 데이터센터 운영 기업 비트마인 이머전 테크놀로지스(BMNR)가 2거래일 동안 977% 급등했다. 이더리움을 기 …,https://n.news.naver.com/mnews/article/417/0001086903?sid=101
KB국민은행, '포용금융부'·'골든라이프부' 신설…조직개편 단행,KB국민은행이 포용금융 추진을 위한 '포용금융부'와 시니어 고객 특화 조직인 '골든라이프부'를 신설하는 등 조직개편을 실시했다고 …,https://n.news.naver.com/mnews/article/003/0013339228?sid=101
욜로-비트보드, 블록체인 기반 팬덤 비즈니스 혁신 위한 전략적 업무협약 체결,광고에이전시 전문기업 에이전시 욜로(yolo)는 블록체인 기반 팬덤투표 플랫폼 ㈜사이버딜의 비트보드(bitboard), 비트보드 …,https://n.news.naver.com/mnews/article/018/0006054816?sid=101
코스피 외인 '팔자'에 3,070대 하락 마감…코스닥도 내려,코스피가 외국인 순매도세에 3거래일 만에 하락 마감했습니다. 한국거래소에 따르면 오늘(2일) 코스피 종가는 전 거래일 대비 14 …,https://n.news.naver.com/mnews/article/422/0000755459?sid=101
중소기업들, 하반기 경제 ‘호전’ 기대···“내수 회복은 26년 이후에나”,중소기업들 중 올해 하반기에는 매출과 영업이익, 자금 사정 등 경제 여건이 두루 개선될 것으로 보는 곳들이 늘었다. 다만 내수 …,https://n.news.naver.com/mnews/article/032/0003380110?sid=101
컴포즈커피, 업계 최대 규모 가맹점주 교육장 신설,저가 커피 프랜차이즈 브랜드 컴포즈커피가 가맹점주 교육 시스템을 전면 개편하며, 서울 성수동 본사에 업계 최대 규모의 전용 교육 …,https://n.news.naver.com/mnews/article/119/0002974758?sid=101
달러-원 환율, 2.8원 상승…1358.7원에 주간거래 마감,달러-원 환율이 외국인의 국내 주식 순매도 등의 영향으로 상승했습니다. 오늘(2일) 서울 외환시장에서 미국 달러화 대비 원화 환 …,https://n.news.naver.com/mnews/article/374/0000449336?sid=101
농협 지준섭 부회장, 청도 우박 피해현장 방문,지준섭 농협중앙회 부회장(왼쪽에서 세번째)이 12일 우박피해를 입은 경북 청도 각북면의 사과농가를 찾아 농업인을 위로하고 현장상 …,https://n.news.naver.com/mnews/article/022/0004048368?sid=101
방배신삼호 조합장 해임 후 공백⋯재건축 시공사 선정 어떻게?,서울 서초구 방배신삼호아파트 재건축사업이 3기 집행부를 이끌던 조합장이 해임된 후 사업을 추진할 주체의 공백으로 사업이 지연될 …,https://n.news.naver.com/mnews/article/031/0000945302?sid=101
신용점수 올랐네! 금리 내리나?… 뱅크샐러드, 신용관리 서비스 개편,뱅크샐러드가 고객이 대출 금리와 카드 발급 가능성 등 자신의 금융 능력을 확인할 수 있는 새로운 서비스를 개시했다. 뱅크샐러드는 …,https://n.news.naver.com/mnews/article/008/0005216039?sid=101
광주 신가동 재개발 사업 구역 중학교 신설 논란(종합),시교육청 "사업 지연으로 설립 요인 사라져 불가" 조합·주민 "지역사회 기대, 교육 여건 고려해야" 재개발사업이 추진되는 광주 …,https://n.news.naver.com/mnews/article/001/0015483890?sid=101
CJ온스타일 인플루언서 쇼 진행…팬덤 커머스 확장,CJ온스타일에서 진행하는 인플루언서 쇼 이미지. CJ온스타일 제공 CJ온스타일이 인플루언서 16인과 16개의 브랜드를 일 대 일 …,https://n.news.naver.com/mnews/article/021/0002719974?sid=101
알리익스프레스, 월간 사용자 수 900만 명 넘었다,알리익스프레스 로고. 알리익스프레스 제공 알리익스프레스가 6월 기준 월간 사용자 수(MAU) 900만 명을 돌파했다. 2일 리테 …,https://n.news.naver.com/mnews/article/021/0002719973?sid=101
정부, 건전성 경고등 켜진 보험사에 숨통…최종관찰만기 확대일정 조정,금융당국이 최근 재무 건전성 관리 부담이 커진 보험업권의 숨통을 일부 트여주는 조치에 나섰다. 금융위원회와 금융감독원은 지난 1 …,https://n.news.naver.com/mnews/article/032/0003380109?sid=101
부동산 직접 매입 부담없이 안정성과 수익성 동시에…‘동탄·하동 리츠’ 케이프투자증권 2일 청약 시작,부동산을 직접 매입하거나 운영하지 않고도 안정적인 수익을 기대할 수 있는 간접투자 기회가 마련돼 투자자들의 관심이 집중되고 있다 …,https://n.news.naver.com/mnews/article/138/0002199850?sid=101
[강소기업 줌인] ②정진웅 닥터나우 대표 "의료법 개정안, 91% 실수요 배제","이번 개정안대로면 비대면진료를 잘 이용하던 91%의 수혜자들이 모두 배제된다. 이미 6년간 수많은 실사용 데이터가 축적됐음에도 …,https://n.news.naver.com/mnews/article/293/0000069344?sid=101
코스닥 하락 마감,2일 오후 서울 중구 하나은행 딜링룸에 코스피와 코스닥 종가와 환율이 표시되고 있다. 이날 코스피는 전 거래일 대비 14.59P …,https://n.news.naver.com/mnews/article/421/0008346593?sid=101
휴마시스, 주주 김 모 씨 허위사실 유포·무고 형사고소,휴마시스는 주주 김 모 씨에 대해 상습적, 반복적 허위사실 유포에 의한 업무방해와 무고죄에 대한 형사고소를 진행하고 명예훼손에 …,https://n.news.naver.com/mnews/article/003/0013339222?sid=101
휴마시스, 주주 김 모 씨 허위사실 유포·무고 형사고소,휴마시스는 주주 김 모 씨에 대해 상습적, 반복적 허위사실 유포에 의한 업무방해와 무고죄에 대한 형사고소를 진행하고 명예훼손에 …,https://n.news.naver.com/mnews/article/003/0013339222?sid=101
"전기차 배터리 손상, 단독사고가 91%…도로상 물체 충돌 최다",삼성화재 분석…여름철 사고가 전체 30% 차지 전기차 배터리 손상 사고의 대부분은 차량이 단독으로 도로 위 돌출물과 접촉하거나 …,https://n.news.naver.com/mnews/article/001/0015483887?sid=101
코스피 외인 매도 속 3,070대 약세 마감,2일 서울 중구 하나은행 본점 딜링룸 현황판에 코스피 지수가 표시돼 있다. 이날 코스피 지수 종가는 전 거래일 대비 14.59포 …,https://n.news.naver.com/mnews/article/001/0015483883?sid=101
국정기획위 "자율주행 기술 주도권 확보 절실"…현대차 남양연구소 방문,이재명 대통령의 국정 로드맵을 짜는 국정기획위원회가 현대자동차 남양연구소를 찾아 자율주행 기술 현황 파악에 나섰습니다. 국정위 …,https://n.news.naver.com/mnews/article/374/0000449335?sid=101
[헤럴드포토] 미국북서부체리협회, ‘칠이칠이 체리데이’ 행사 진행,사진=미국북서부체리협회 제공 미국북서부체리협회가 2일 오전 서울 종로구 리제로서울에서 미국북서부체리의 출시를 알리는 ‘체리데이’ …,https://n.news.naver.com/mnews/article/016/0002493828?sid=101
한화케미칼 사택 부지 개발…'한화포레나 울산무거' 8월 분양,㈜한화 건설부문의 아파트 브랜드인 '포레나'가 울산에서 첫 분양에 나선다. ㈜한화 건설부문은 울산광역시 남구 무거동 1422번지 …,https://n.news.naver.com/mnews/article/079/0004040790?sid=101
IBK기업은행, 국제금융협회 공식 가입…"국제 정책협력 확대",IBK기업은행이 국제금융협회(IIF)에 정식 가입했다고 2일 밝혔다. 기업은행은 이번 가입을 통해 스테이블코인 등 글로벌 정책 …,https://n.news.naver.com/mnews/article/011/0004504182?sid=101
투자자 예탁금, 증시 랠리에 70조원 돌파… 3년 6개월 만,투자자 예탁금 규모가 70조원을 웃돌았다. 2022년 1월 이후 처음이다. 투자자 예탁금은 투자자가 주식이나 펀드 등 금융투자 …,https://n.news.naver.com/mnews/article/366/0001089368?sid=101
"중증·응급 환자, 우리가 '끝'낸다"…'제2의 개원' 일산백병원의 약속,일산백병원이 지난달 10일 백병원 창립 84주년 기념식에서 '제2의 개원'을 선포했다. 설계 단계부터 6년여에 걸친 대규모 증축 …,https://n.news.naver.com/mnews/article/008/0005216036?sid=101
하락세로 마감한 코스피,2일 오후 서울 중구 하나은행 딜링룸에 코스피와 코스닥 종가와 환율이 표시되고 있다. 이날 코스피는 전 거래일 대비 14.59P …,https://n.news.naver.com/mnews/article/421/0008346584?sid=101
코스피 하락 마감,2일 오후 서울 중구 하나은행 딜링룸에 코스피와 코스닥 종가와 환율이 표시되고 있다. 이날 코스피는 전 거래일 대비 14.59P …,https://n.news.naver.com/mnews/article/421/0008346583?sid=101
하락세로 마감한 코스피·코스닥,2일 오후 서울 중구 하나은행 딜링룸에 코스피와 코스닥 종가와 환율이 표시되고 있다. 이날 코스피는 전 거래일 대비 14.59P …,https://n.news.naver.com/mnews/article/421/0008346582?sid=101
코스피·코스닥 하락세로 마감,2일 오후 서울 중구 하나은행 딜링룸에 코스피와 코스닥 종가와 환율이 표시되고 있다. 이날 코스피는 전 거래일 대비 14.59P …,https://n.news.naver.com/mnews/article/421/0008346581?sid=101
코스피 하락, 원달러 상승,2일 오후 서울 중구 하나은행 딜링룸에 코스피와 코스닥 종가와 환율이 표시되고 있다. 이날 코스피는 전 거래일 대비 14.59P …,https://n.news.naver.com/mnews/article/421/0008346580?sid=101
코스피 외인 매도 속 3,070대 약세 마감,2일 서울 중구 하나은행 본점 딜링룸 현황판에 코스피 지수가 표시돼 있다. 이날 코스피 지수 종가는 전 거래일 대비 14.59포 …,https://n.news.naver.com/mnews/article/001/0015483881?sid=101
英, '해상풍력 공급망 컨퍼런스 전시회' 참가,주한영국대사관이 2~3일 부산 벡스코에서 열리는 '2025 해상풍력 공급망 컨퍼런스 전시회'에 영국 해상풍력 기업 8곳 참여하는 …,https://n.news.naver.com/mnews/article/008/0005216035?sid=101
코스피 외인 매도 속 3,070대 약세 마감,2일 서울 중구 하나은행 본점 딜링룸 현황판에 코스피 지수가 표시돼 있다. 이날 코스피 지수 종가는 전 거래일 대비 14.59포 …,https://n.news.naver.com/mnews/article/001/0015483880?sid=101
코스피 외인 매도 속 3,070대 약세 마감,2일 서울 중구 하나은행 본점 딜링룸 현황판에 코스피 지수가 표시돼 있다. 이날 코스피 지수 종가는 전 거래일 대비 14.59포 …,https://n.news.naver.com/mnews/article/001/0015483879?sid=101
민주노총 "오는 16·19일 총파업…노란봉투법 추진·안전운임제 복원",전국민주노동조합총연맹이 '노란봉투법' 재추진과 화물기사 안전운임제 복원 등을 주장하며 오는 16일과 19일 이틀간 총파업을 예고 …,https://n.news.naver.com/mnews/article/374/0000449333?sid=101
Lunit, Microsoft to Co-Develop Medical AI in First Big Tech Partnership,Seo Beom-seok, CEO of Lunit.(Photo by Lunit) Lunit, a medical AI compan …,https://n.news.naver.com/mnews/article/018/0006054811?sid=101
삼성바이오에피스·보령, 골질환 치료제 '엑스브릭' 국내 판매 맞손,삼성바이오에피스는 보령과 골질환 치료제 '엑스지바' 바이오시밀러(바이오의약품 복제약) '엑스브릭' 국내 판매를 위한 파트너십 계 …,https://n.news.naver.com/mnews/article/374/0000449332?sid=101
코스피 외인 매도 속 3,070대 약세 마감,2일 서울 중구 하나은행 본점 딜링룸 현황판에 코스피 지수가 표시돼 있다. 이날 코스피 지수 종가는 전 거래일 대비 14.59포 …,https://n.news.naver.com/mnews/article/001/0015483877?sid=101
코스피 외인 매도 속 3,070대 약세 마감,2일 서울 중구 하나은행 본점 딜링룸 현황판에 코스피 지수가 표시돼 있다. 이날 코스피 지수 종가는 전 거래일 대비 14.59포 …,https://n.news.naver.com/mnews/article/001/0015483876?sid=101
[포토] 대화하는 송언석-안철수,송언석 국민의힘 비대위원장(오른쪽)과 안철수 혁신위원장이 2일 국회 국민의힘 원내대표실에서 만나 대화하고 있다.,https://n.news.naver.com/mnews/article/277/0005616691?sid=101
ETF 200조 시장 만든 개미, 상반기 11.8조 사들였다,국내 ETF(상장지수펀드) 시장 순자산이 210조원을 넘어서며 사상 최대치를 기록한 가운데, 올해 상반기 개인투자자가 ETF를 …,https://n.news.naver.com/mnews/article/008/0005216034?sid=101
SSG닷컴, 제로베이스원 데뷔 2주년 기념 ‘케이크·쿠키세트’ 선봬,SSG닷컴은 아이돌 그룹 ‘제로베이스원’ 데뷔 2주년을 기념한 한정판 디저트 2종을 오는 4일부터 단독 판매한다고 2일 밝혔다. …,https://n.news.naver.com/mnews/article/029/0002965596?sid=101
강남 한복판 미래차 연구소…현대차·기아 'UX 스튜디오' 개관,현대자동차·기아는 3일 현대자동차 강남대로 사옥에 ‘UX 스튜디오 서울’을 개관했다. 이곳은 고객들의 미래 모빌리티 경험을 토대 …,https://n.news.naver.com/mnews/article/448/0000539497?sid=101
최태원 SK 회장 장남, 컨설팅 회사로 이직…경영수업 본격화,최태원 SK그룹 회장의 장남 최인근 씨가 최근 SK이노베이션E&S(SKI E&S)를 퇴사하고 맥킨지앤드컴퍼니 이직했다. 그간 국 …,https://n.news.naver.com/mnews/article/030/0003327671?sid=101
“오타니가 한국에?” 일본 야구 팬들의 성지로 떠오른 ‘이곳’,오타니 쇼헤이. AFP 연합뉴스 경기도 고양시에 위치한 지하철 3호선 대곡역이 최근 일본인 관광객들 사이에서 ‘핫플레이스’로 떠 …,https://n.news.naver.com/mnews/article/021/0002719971?sid=101
[포토뉴스]강원조달청, 강릉시 차세대 나라장터 사용자 교육 지원,강원조달청(청장:이경원)은 2일 강릉시청 대회의실에서 강릉시 구매 및 사업 담당자 100여명을 대상으로 차세대 나라장터 사용자 …,https://n.news.naver.com/mnews/article/087/0001127045?sid=101
포포즈, 반려동물 친환경 장례 ‘자연닮음’ 공개… “존엄한 이별, 지속가능한 선택”,반려동물 장례 브랜드 포포즈(FOUR PAWS)는 환경에 미치는 영향을 줄이고 생명 존중 철학을 반영한 친환경 장례 구성 ‘자연 …,https://n.news.naver.com/mnews/article/029/0002965595?sid=101
소상공인들 "노동계 주장 최저시급 1만1천260원 유감",소상공인들은 노동계가 주장하는 내년도 최저시급 1만1천260원에 대해 반발하고 나섰다. 송치영 소상공인연합회 회장은 2일 특별담 …,https://n.news.naver.com/mnews/article/001/0015483868?sid=101
원·달러 환율, 0.3원 내린 1358.7원,2일 서울외환시장에서 원·달러 환율은 전거래일보다 3.5원 내린 1355.5원으로 출발했다. 장중 등락하다가 상승해 3시 30분 …,https://n.news.naver.com/mnews/article/123/0002362844?sid=101
"R&D 예산, 국가 지출 5% 이상 의무화",국정기획위원회가 2일 국가 연구개발(R&D) 예산 심의 기간을 늘리고 정부의 R&D 투자 지출을 늘리도록 하는 1호 법안을 제출 …,https://n.news.naver.com/mnews/article/011/0004504180?sid=101
도로 위 돌멩이에 쿵…전기차 배터리 손상 90% 이상 ‘도로 돌출물’ 때문,최근 3년 중 배터리 손상 91%가 ‘단독 사고’ 도로 돌출물·방지턱·연석 등 지면 요인 많아 사고 직후 이상 없어도 수일 후 …,https://n.news.naver.com/mnews/article/016/0002493827?sid=101
민주노총 16·19일 총파업…“노란봉투법 추진·반노동정책 폐기”,전국민주노동조합총연맹이 노동조합법 2·3조 개정(노란봉투법) 재추진과 윤석열 정권 반노동 정책 즉각 폐기 등을 주장하며 오는 1 …,https://n.news.naver.com/mnews/article/056/0011981235?sid=101
코웨이, 서울 삼일초에 '청정학교 교실숲 제7호' 조성,코웨이가 서울 삼일초등학교에 '코웨이 청정학교 교실숲 제7호'를 조성했다고 2일 밝혔다. 코웨이는 임직원 자원봉사단과 함께 서울 …,https://n.news.naver.com/mnews/article/277/0005616687?sid=101
메가존클라우드, 이스라엘 양자컴퓨팅 기업과 기술협력,메가존클라우드는 2일 이스라엘 양자 소프트웨어 기업 클라시크와 양자컴퓨팅 기술 협력을 위한 전략적 업무협약을 체결했다고 밝혔다. …,https://n.news.naver.com/mnews/article/001/0015483853?sid=101
가맹점주 역량 높인다…컴포즈커피, 업계 최대 규모 가맹점주 교육장 신설,컴포즈커피 제공 국내 대표 저가 커피 프랜차이즈 브랜드 컴포즈커피는 2일 가맹점주 교육 시스템 전면 개편 차원에서 서울 성수동 …,https://n.news.naver.com/mnews/article/022/0004048367?sid=101
코스피, 외국인 매도세에 3,070대 약세 마감,코스피가 외국인의 순매도세에 밀려 3거래일 만에 하락 마감했습니다. 한국거래소에 따르면 오늘 코스피 지수 종가는 전 거래일 대비 …,https://n.news.naver.com/mnews/article/214/0001433806?sid=101
온코닉테라퓨틱스, 자큐보 中 허가+네수파립 가치 상승 '겹호재' 기대,온코닉테라퓨틱스가 위식도역류질환 치료제 '자큐보' 시장 확장 전략에 힘을 쏟는다. 허가 지역을 늘리는 동시에 적응증을 추가해 매 …,https://n.news.naver.com/mnews/article/008/0005216032?sid=101
"인텔 새 CEO, 파운드리 큰 변화 모색중",로이터 "18A 공정 마케팅 중단 여부 검토" 인텔의 랍부 탄 신임 최고경영자(CEO)가 주요 고객사를 유치하기 위해 파운드리( …,https://n.news.naver.com/mnews/article/001/0015483847?sid=101
초강력 대출 규제에 文정부 때 유사 조치 주목…"반년은 효과",당시 서울아파트 15주 만에 하락 전환…규제발표 6개월 뒤 제자리로 거래량 60% 줄었다가 회복세…"공급확대 등 후속조치 때 놓 …,https://n.news.naver.com/mnews/article/001/0015483846?sid=101
서울서 금융기업 부산 유치 나선다,부산국제금융진흥원이 부산시와 함께 부산국제금융센터(BIFC)의 외국기업을 위한 공간 ‘디 스페이스’에 입주할 수도권 금융기업 부 …,https://n.news.naver.com/mnews/article/658/0000112243?sid=101
형지글로벌, 스테이블코인 시장 진출 소식에 상한가[핫스탁](종합),형지글로벌이 자체 결제 플랫폼과 스테이블코인 도입 계획을 발표하면서 주가가 급등했다. 2일 한국거래소에 따르면 형지글로벌은 전일 …,https://n.news.naver.com/mnews/article/003/0013339200?sid=101
“부동산 직접 매입 부담 없다” 케이프투자증권, ‘동탄·하동 리츠’ 2일 청약 개시,수익성과 안정성을 동시에 추구하는 간접투자 상품으로, 최소 100만원부터 청약 가능 투자 진입 장벽 낮춘 우선주 공모 구조…연 …,https://n.news.naver.com/mnews/article/468/0001158908?sid=101
[단독] 정부, 中 단체 관광객 ‘무비자’ 상시화 검토,정부가 올 연말까지 한시 적용할 예정이었던 중국인 단체관광객 무비자 정책을 사실상 무기한 연장하는 방안을 검토하고 있다. 중국인 …,https://n.news.naver.com/mnews/article/011/0004504179?sid=101
한쪽에선 풀고 한쪽에선 틀어막고… 금융 당국 저축은행 정책 엇박자,6.27 가계대출 규제로 저축銀 대출 영업 타격 신용대출 한도 절반으로… “이미 승인율 급감” 한쪽에선 규제 풀어 중금리대출 공 …,https://n.news.naver.com/mnews/article/366/0001089366?sid=101
[그래픽] 폭염·열대야 일수 현황,2일 기상청이 발표한 '1973∼2024년 연간 폭염 일수와 열대야 일수 분석 결과'에 따르면 1970년대 대비 2010년대 폭 …,https://n.news.naver.com/mnews/article/001/0015483845?sid=101
“코코볼 118개가 3800원?” 주문 폭주…또 난리난 쿠팡,쿠팡은 시리얼 컵 가격 노출 오류로 발생한 주문 2만여건을 모두 취소 처리했다고 2일 밝혔다. 지난달 30일 오후 5시부터 이달 …,https://n.news.naver.com/mnews/article/029/0002965594?sid=101
원/달러 환율, 외국인 주식 매도에 상승…1,358.7원,원/달러 환율은 2일 외국인의 국내 주식 순매도 등의 영향으로 상승했다. 이날 서울 외환시장에서 미국 달러화 대비 원화 환율의 …,https://n.news.naver.com/mnews/article/001/0015483844?sid=101
민간 채용 위축 속 공시 열기 확산…전년대비 채용 인원 8.2% 증가,최근 공무원 시험 시장이 다시 주목받고 있다. 수년간 하락세였던 응시자 수와 경쟁률이 2030세대를 중심으로 반등하면서, 시험 …,https://n.news.naver.com/mnews/article/081/0003554425?sid=101
LIG넥스원 '천리안위성 5호' 개발 본격 착수,LIG넥스원은 민간주도 우주시대의 마중물이 될 '천리안위성 5호' 개발사업에 본격 착수했다. 본업인 방위산업을 넘어 우주 분야 …,https://n.news.naver.com/mnews/article/014/0005371497?sid=101
청석공원을 우리 집 마당처럼 자연친화 단지 선호도 상승…광주 역동 ‘해링턴 스퀘어’ 관심,‘쾌적성’이 주거지 선택의 핵심 기준으로 자리 잡으면서, 자연친화적 주거환경을 갖춘 단지에 대한 수요가 확대되고 있다. 주택산업 …,https://n.news.naver.com/mnews/article/014/0005371496?sid=101
조양래 한국앤컴퍼니 명예회장 차녀 '증여세 소송' 대법서 최종 승소,자본시장 사건파일 조양래 한국앤컴퍼니그룹 명예회장의 차녀 조희원 씨가 60억원대의 증여세를 취소해달라며 제기한 소송에서 최종 승 …,https://n.news.naver.com/mnews/article/293/0000069343?sid=101
아라온호, 북극항로 개척 위해 91일간 북극해 탐사 나선다,국내 유일 쇄빙연구선 아라온호가 북극항로의 안전하고 효율적인 운영을 위한 해저 지형 탐사에 나선다. 올해로 16번째를 맞는 이번 …,https://n.news.naver.com/mnews/article/088/0000956772?sid=101
코스피 외인 매도 속 3070대 하락 마감…코스닥도 내려,코스피가 오늘(2일) 외국인의 순매도세에 밀려 3거래일 만에 하락 마감했습니다. 한국거래소에 따르면 이날 코스피 지수 종가는 전 …,https://n.news.naver.com/mnews/article/374/0000449331?sid=101
금강주택 ‘대야미역 금강펜테리움 레이크포레’ 7월 분양,금강주택은 이달 군포대야미 공공주택지구 B1블록에 대야미역 금강펜테리움 레이크포레를 분양할 예정이라고 2일 밝혔다. 대야미역 금 …,https://n.news.naver.com/mnews/article/009/0005518399?sid=101
코스닥, 1.50P 내린 782.17 마감(0.19%↓),,https://n.news.naver.com/mnews/article/277/0005616684?sid=101
코스피, 14.59P 내린 3075.06 마감(0.47%↓),,https://n.news.naver.com/mnews/article/277/0005616683?sid=101
